{"accuracy": [0.6815747022628784, 0.7786577939987183, 0.7958526611328125, 0.7969738245010376, 0.8170542120933533, 0.8165134191513062, 0.8172386884689331, 0.8283035755157471, 0.8377305269241333, 0.8448929190635681, 0.8486412763595581, 0.8575682640075684, 0.8592305779457092, 0.8790047764778137, 0.8848155736923218, 0.8845449090003967, 0.8949632048606873, 0.890568196773529, 0.9140917658805847, 0.9006575345993042, 0.905497133731842, 0.8949615955352783, 0.9100061058998108, 0.9236475825309753, 0.9094371795654297, 0.9317094087600708, 0.9313667416572571, 0.9388411641120911, 0.9467304348945618, 0.9447445273399353, 0.9331595301628113, 0.9328585267066956, 0.9444146156311035, 0.9535883069038391, 0.9602018594741821, 0.9614028930664062, 0.9609418511390686, 0.9636280536651611, 0.9636960625648499, 0.9570737481117249, 0.9656675457954407, 0.969296932220459, 0.972119152545929, 0.9744226932525635, 0.9748101234436035, 0.9759094715118408, 0.9772707223892212, 0.9781330227851868, 0.9786388278007507, 0.9785932302474976], "dice_coefficient": [0.6932342648506165, 0.7560973167419434, 0.7757870554924011, 0.7808052897453308, 0.7976438999176025, 0.7882094979286194, 0.791314423084259, 0.8078199028968811, 0.8166229724884033, 0.8170149326324463, 0.8254415392875671, 0.8326003551483154, 0.8372921347618103, 0.8547387719154358, 0.8629754185676575, 0.8662460446357727, 0.8747763633728027, 0.8682330250740051, 0.8919497132301331, 0.8837907314300537, 0.8876621723175049, 0.8791151642799377, 0.8927121758460999, 0.9054563641548157, 0.888595700263977, 0.9169624447822571, 0.9169373512268066, 0.9253538250923157, 0.9358047842979431, 0.933295726776123, 0.9188950061798096, 0.9184271693229675, 0.9322952628135681, 0.9426740407943726, 0.9512355327606201, 0.9528645873069763, 0.9521850943565369, 0.9561229944229126, 0.957382082939148, 0.9465437531471252, 0.9577060341835022, 0.9635601043701172, 0.9669365882873535, 0.9696947932243347, 0.9703890681266785, 0.9713853597640991, 0.9726922512054443, 0.9745510816574097, 0.9745566248893738, 0.974942147731781], "iou_metric": [0.535770058631897, 0.6107475161552429, 0.6361376047134399, 0.6435958743095398, 0.6655598878860474, 0.6544728875160217, 0.658542811870575, 0.6802998781204224, 0.6923589706420898, 0.6938329935073853, 0.7045469880104065, 0.7154459953308105, 0.7231020331382751, 0.7488695979118347, 0.7610726356506348, 0.765591561794281, 0.7790939211845398, 0.7707854509353638, 0.8069630265235901, 0.7936643362045288, 0.799945592880249, 0.7871317267417908, 0.8083204030990601, 0.8291090726852417, 0.8026154041290283, 0.8477492332458496, 0.8477198481559753, 0.8621313571929932, 0.8801737427711487, 0.8756210207939148, 0.8510376811027527, 0.8503641486167908, 0.8742159605026245, 0.8922825455665588, 0.9076305627822876, 0.9104520082473755, 0.9092615246772766, 0.9164573550224304, 0.9189949631690979, 0.8995679020881653, 0.9192611575126648, 0.9299326539039612, 0.9361791610717773, 0.941390872001648, 0.942724347114563, 0.9445318579673767, 0.9469912648200989, 0.9504696130752563, 0.9504879713058472, 0.9512704014778137], "loss": [0.566911518573761, 0.4642881155014038, 0.42575210332870483, 0.41947686672210693, 0.39181700348854065, 0.4046006500720978, 0.40026700496673584, 0.3750590682029724, 0.36432570219039917, 0.35393026471138, 0.34830525517463684, 0.3304288685321808, 0.3230043947696686, 0.29076501727104187, 0.27668043971061707, 0.27536800503730774, 0.25855353474617004, 0.26472803950309753, 0.22557023167610168, 0.24201737344264984, 0.23038409650325775, 0.24386745691299438, 0.2229578197002411, 0.19668999314308167, 0.22648563981056213, 0.17430666089057922, 0.17249330878257751, 0.1578332930803299, 0.14027763903141022, 0.14493048191070557, 0.16944967210292816, 0.17041409015655518, 0.14474938809871674, 0.12119555473327637, 0.10402411222457886, 0.09937553852796555, 0.10214076936244965, 0.09526080638170242, 0.09380113333463669, 0.10983974486589432, 0.09001510590314865, 0.07772985845804214, 0.0698905736207962, 0.06388648599386215, 0.06306775659322739, 0.05989190191030502, 0.05663522705435753, 0.054139260202646255, 0.05279155448079109, 0.05248120799660683], "val_accuracy": [0.7577258348464966, 0.7921214699745178, 0.806340217590332, 0.802890419960022, 0.7686319947242737, 0.7761268019676208, 0.8219455480575562, 0.8256499171257019, 0.8398985266685486, 0.8319576978683472, 0.8477802872657776, 0.8512358069419861, 0.867928147315979, 0.8841078877449036, 0.8792393207550049, 0.8906046748161316, 0.8905940055847168, 0.892280638217926, 0.8979726433753967, 0.8915659189224243, 0.8976515531539917, 0.9086337685585022, 0.8967657685279846, 0.9164150953292847, 0.907985270023346, 0.9169964790344238, 0.9117200374603271, 0.9164791107177734, 0.9355716705322266, 0.9013832807540894, 0.9254810214042664, 0.9329075813293457, 0.93525630235672, 0.9378737211227417, 0.9438607692718506, 0.939331591129303, 0.9417432546615601, 0.9437864422798157, 0.9300228953361511, 0.9353974461555481, 0.9441618919372559, 0.9498835802078247, 0.9514937996864319, 0.9515461325645447, 0.9519021511077881, 0.9520497918128967, 0.9520581960678101, 0.9518239498138428, 0.9518199563026428, 0.9530585408210754], "val_dice_coefficient": [0.7461686134338379, 0.7319667339324951, 0.7796447277069092, 0.7852628827095032, 0.7253543138504028, 0.7888982892036438, 0.8015727996826172, 0.8039021492004395, 0.7888327240943909, 0.8095418810844421, 0.8092966675758362, 0.8479840159416199, 0.8506001830101013, 0.8730790019035339, 0.8641725182533264, 0.8768548369407654, 0.8790590167045593, 0.8764975666999817, 0.8846898078918457, 0.8870802521705627, 0.8847484588623047, 0.8965170979499817, 0.8938822746276855, 0.9014478325843811, 0.9045867919921875, 0.9108499884605408, 0.9083181023597717, 0.9148970246315002, 0.9221028685569763, 0.8931422233581543, 0.9196570515632629, 0.9337148070335388, 0.9242135882377625, 0.9354066252708435, 0.9416051506996155, 0.9402766227722168, 0.9433096051216125, 0.9394333958625793, 0.927979588508606, 0.9314572215080261, 0.9445816874504089, 0.948773980140686, 0.9523823857307434, 0.9538214802742004, 0.9532404541969299, 0.9542930126190186, 0.9546836018562317, 0.9543776512145996, 0.9551368951797485, 0.9560425877571106], "val_iou_metric": [0.5963001251220703, 0.5788984298706055, 0.6406970620155334, 0.6487619280815125, 0.5710375905036926, 0.6527703404426575, 0.6706160306930542, 0.6741284728050232, 0.6530532836914062, 0.6819760799407959, 0.6809901595115662, 0.737612247467041, 0.7411249279975891, 0.7758533954620361, 0.7621517181396484, 0.7818945050239563, 0.7856058478355408, 0.7812511920928955, 0.7942196726799011, 0.7980719208717346, 0.7944720387458801, 0.8135049939155579, 0.8093047142028809, 0.8218550682067871, 0.8268486261367798, 0.8375599384307861, 0.8331659436225891, 0.844354510307312, 0.8563938140869141, 0.808010995388031, 0.852169394493103, 0.8766180872917175, 0.8600519895553589, 0.8795713782310486, 0.8907666802406311, 0.8882966041564941, 0.893782913684845, 0.8867541551589966, 0.8666577935218811, 0.872786819934845, 0.8960646390914917, 0.903657078742981, 0.9102036356925964, 0.9127725958824158, 0.9117476940155029, 0.9137309789657593, 0.9144091606140137, 0.9138480424880981, 0.9152591228485107, 0.9168841242790222],